<?xml version="1.0" encoding="UTF-8"?>
<beans:beans xmlns="http://www.springframework.org/schema/security"
	xmlns:beans="http://www.springframework.org/schema/beans" xmlns:xsi="http://www.w3.org/2001/XMLSchema-instance"
	xsi:schemaLocation="http://www.springframework.org/schema/beans
		http://www.springframework.org/schema/beans/spring-beans-3.0.xsd
		http://www.springframework.org/schema/security
		http://www.springframework.org/schema/security/spring-security.xsd">

	<http auto-config="true">
		<intercept-url pattern="/" access="hasRole('ROLE_USER')" />
		<intercept-url pattern="/welcome" access="hasRole('ROLE_USER')" />
		<intercept-url pattern="/buyer" access="hasRole('ROLE_USER')" />
		<intercept-url pattern="/seller" access="hasRole('ROLE_USER')" />
		<intercept-url pattern="/buyerChangeCategory" access="hasRole('ROLE_USER')" />
		<intercept-url pattern="/sellerChangeCategory" access="hasRole('ROLE_USER')" />
		<intercept-url pattern="/sellerChangeCategory" access="hasRole('ROLE_USER')" />
		<intercept-url pattern="/buyProduct" access="hasRole('ROLE_USER')" />
		<intercept-url pattern="/sellProduct" access="hasRole('ROLE_USER')" />

		<form-login login-page="/login" default-target-url="/welcome"
			authentication-failure-url="/login?error" username-parameter="username"
			password-parameter="password" />
		<logout logout-success-url="/login?logout" />
	</http>

	<authentication-manager alias="authenticationManager">
		<authentication-provider user-service-ref="userDetailsServiceImpl">
			<password-encoder ref="encoder"></password-encoder>
		</authentication-provider>
	</authentication-manager>

	<beans:bean id="userDetailsServiceImpl"
		class="com.fareprice.service.UserDetailsServiceImpl"></beans:bean>

	<beans:bean id="encoder"
		class="org.springframework.security.crypto.bcrypt.BCryptPasswordEncoder">
		<beans:constructor-arg name="strength" value="11" />
	</beans:bean>
</beans:beans>